"path","extension","bytes","runtime_exists","identical"
"animals\beef_cow.png",".png","471198","True","True"
"animals\dairy_cow.png",".png","424270","True","True"
"animals\layer_chicken.png",".png","153039","True","True"
"animals\meat_chicken.png",".png","183127","True","True"
"animals\pig.png",".png","293698","True","True"
"aquaculture\crab.png",".png","351689","True","True"
"aquaculture\fish.png",".png","409386","True","True"
"aquaculture\octopus.png",".png","470691","True","True"
"aquaculture\shrimp.png",".png","295172","True","True"
"aquaculture\squid.png",".png","296693","True","True"
"characters\animal_worker.png",".png","1074853","True","True"
"characters\aquaculture_worker.png",".png","1031604","True","True"
"characters\chef.png",".png","959546","True","True"
"characters\customer.png",".png","1779362","True","True"
"characters\farm_worker.png",".png","1051909","True","True"
"characters\player.png",".png","962185","True","True"
"characters\vip_customer.png",".png","1754020","True","True"
"characters\waiter.png",".png","1612611","True","True"
"manifests\animal_manifest.json",".json","520","True","True"
"manifests\aquaculture_manifest.json",".json","546","True","True"
"manifests\artwork_integrity_fix_report.json",".json","1069","True","True"
"manifests\asset_manifest.json",".json","2612","True","True"
"manifests\atlas_manifest.json",".json","1246","True","True"
"manifests\character_manifest.json",".json","586","True","True"
"manifests\crop_manifest.json",".json","4546","True","True"
"manifests\dish_manifest.json",".json","7093","True","True"
"manifests\ui_manifest.json",".json","17800","True","True"
"manifests\validation_report.json",".json","2417","True","True"
"manifests\vehicle_manifest.json",".json","838","True","True"
"manifests\world_manifest.json",".json","2092","True","True"
"manifests\atlases\achievement_badges_and_emblems_sheet.json",".json","3627","True","True"
"manifests\atlases\building_purchase_upgrade_construction_kit.json",".json","2936","True","True"
"manifests\atlases\directional_signs_kit.json",".json","1416","True","True"
"manifests\atlases\farm_warehouse_utility_props_atlas.json",".json","2686","True","True"
"manifests\atlases\frame_and_button_base_kit.json",".json","4930","True","True"
"manifests\atlases\logistics_props_atlas.json",".json","4025","True","True"
"manifests\atlases\map_zone_expansion_visual_kit.json",".json","3523","True","True"
"manifests\atlases\natural_props_atlas.json",".json","1710","True","True"
"manifests\atlases\outdoor_dining_set_atlas.json",".json","841","True","True"
"manifests\atlases\restaurant_kitchen_cooking_station_module_set.json",".json","2161","True","True"
"manifests\atlases\road_tiles_kit.json",".json","1497","True","True"
"manifests\atlases\tutorial_help_shortcut_visual_kit.json",".json","5096","True","True"
"manifests\atlases\world_interaction_production_markers_sheet.json",".json","4266","True","True"
"ui\customer_indicators\cooking_preparing_order_indicator.png",".png","82086","True","True"
"ui\customer_indicators\customer_waiting_too_long_warning_indicator.png",".png","64344","True","True"
"ui\customer_indicators\food_served_eating_indicator.png",".png","65619","True","True"
"ui\customer_indicators\new_order_bubble.png",".png","73486","True","True"
"ui\customer_indicators\order_ready_indicator.png",".png","73876","True","True"
"ui\customer_indicators\payment_collected_indicator.png",".png","61823","True","True"
"ui\customer_indicators\payment_ready_indicator.png",".png","73408","True","True"
"ui\customer_indicators\waiting_for_waiter_indicator.png",".png","54007","True","True"
"ui\dish_icons\dish_01_banh_mi.png",".png","157339","True","True"
"ui\dish_icons\dish_02_com_trang.png",".png","172273","True","True"
"ui\dish_icons\dish_03_banh_mi_op_la.png",".png","180483","True","True"
"ui\dish_icons\dish_04_bap_luoc.png",".png","174586","True","True"
"ui\dish_icons\dish_05_com_chien_trung.png",".png","193253","True","True"
"ui\dish_icons\dish_06_banh_mi_ga.png",".png","186168","True","True"
"ui\dish_icons\dish_07_banh_mi_thit.png",".png","188315","True","True"
"ui\dish_icons\dish_08_xoi_bap.png",".png","181685","True","True"
"ui\dish_icons\dish_09_banh_cuon_thit.png",".png","181936","True","True"
"ui\dish_icons\dish_10_ca_chien.png",".png","213421","True","True"
"ui\dish_icons\dish_11_banh_gio.png",".png","164313","True","True"
"ui\dish_icons\dish_12_com_ga_ca_chua.png",".png","174737","True","True"
"ui\dish_icons\dish_13_pho_ga.png",".png","184197","True","True"
"ui\dish_icons\dish_14_bap_xao_trung.png",".png","166625","True","True"
"ui\dish_icons\dish_15_pho_bo.png",".png","185419","True","True"
"ui\dish_icons\dish_16_ga_kho_sa_ot.png",".png","172922","True","True"
"ui\dish_icons\dish_17_com_tam_suon.png",".png","186076","True","True"
"ui\dish_icons\dish_18_com_chien_rau_cu.png",".png","168899","True","True"
"ui\dish_icons\dish_19_bo_xao_ca_chua.png",".png","163019","True","True"
"ui\dish_icons\dish_20_khoai_tay_chien.png",".png","158468","True","True"
"ui\dish_icons\dish_21_tom_chien_bot.png",".png","262705","True","True"
"ui\dish_icons\dish_22_bun_thit_nuong.png",".png","264405","True","True"
"ui\dish_icons\dish_23_dau_hu_sot_ca.png",".png","201803","True","True"
"ui\dish_icons\dish_24_dau_hu_nhoi_thit.png",".png","225175","True","True"
"ui\dish_icons\dish_25_muc_nuong_toi.png",".png","265257","True","True"
"ui\dish_icons\dish_26_bun_cha.png",".png","312659","True","True"
"ui\dish_icons\dish_27_nuoc_dua.png",".png","219747","True","True"
"ui\dish_icons\dish_28_xoi_dua.png",".png","233809","True","True"
"ui\dish_icons\dish_29_ga_nuong_sa.png",".png","299817","True","True"
"ui\dish_icons\dish_30_bach_tuoc_nuong.png",".png","274360","True","True"
"ui\dish_icons\dish_31_tra_nong.png",".png","292593","True","True"
"ui\dish_icons\dish_32_tra_sua.png",".png","134879","True","True"
"ui\dish_icons\dish_33_goi_ga_dau_phong.png",".png","283109","True","True"
"ui\dish_icons\dish_34_thit_kho_nuoc_dua.png",".png","237401","True","True"
"ui\dish_icons\dish_35_com_st25_wagyu.png",".png","232306","True","True"
"ui\dish_icons\dish_36_tom_hum_alaska_nuong_bo.png",".png","265489","True","True"
"ui\dish_icons\dish_37_nuoc_mia.png",".png","128648","True","True"
"ui\dish_icons\dish_38_cua_hoang_de_sot_bo.png",".png","270126","True","True"
"ui\dish_icons\dish_39_ca_phe_den_da.png",".png","155590","True","True"
"ui\dish_icons\dish_40_ca_hoi_na_uy_ap_chao.png",".png","228300","True","True"
"ui\dish_icons\dish_41_so_diep_nhat_nuong_bo.png",".png","247225","True","True"
"ui\dish_icons\dish_42_bo_luc_lac.png",".png","267885","True","True"
"ui\dish_icons\dish_43_sinh_to_chuoi_sua.png",".png","154029","True","True"
"ui\dish_icons\dish_44_ca_ngu_bluefin_ap_chao.png",".png","244440","True","True"
"ui\dish_icons\dish_45_ca_phe_dua.png",".png","176905","True","True"
"ui\dish_icons\dish_46_goi_cuon_tom_thit.png",".png","230578","True","True"
"ui\dish_icons\dish_47_wagyu_sot_nam_truffle.png",".png","221218","True","True"
"ui\dish_icons\dish_48_ca_phe_sua_da.png",".png","150647","True","True"
"ui\dish_icons\dish_49_com_hai_san_hoang_gia.png",".png","2438662","True","True"
"ui\dish_icons\dish_50_lahoue_imperial_feast.png",".png","523370","True","True"
"ui\status_action\attention_important.png",".png","92157","True","True"
"ui\status_action\buy.png",".png","120823","True","True"
"ui\status_action\cancel_close.png",".png","70169","True","True"
"ui\status_action\capacity.png",".png","119272","True","True"
"ui\status_action\collect.png",".png","84532","True","True"
"ui\status_action\exp_gain.png",".png","86176","True","True"
"ui\status_action\fast_forward.png",".png","69327","True","True"
"ui\status_action\in_progress.png",".png","93842","True","True"
"ui\status_action\information.png",".png","62938","True","True"
"ui\status_action\level_up.png",".png","89758","True","True"
"ui\status_action\locked.png",".png","104332","True","True"
"ui\status_action\money_cost.png",".png","76885","True","True"
"ui\status_action\money_gain.png",".png","97939","True","True"
"ui\status_action\new_unlock.png",".png","100010","True","True"
"ui\status_action\next_day.png",".png","96698","True","True"
"ui\status_action\ready.png",".png","115676","True","True"
"ui\status_action\requirement_not_met.png",".png","88751","True","True"
"ui\status_action\salary_paid.png",".png","126878","True","True"
"ui\status_action\salary.png",".png","109842","True","True"
"ui\status_action\save_saved.png",".png","79325","True","True"
"ui\status_action\staff_off_duty.png",".png","125357","True","True"
"ui\status_action\storage_full.png",".png","120349","True","True"
"ui\status_action\success_completed.png",".png","116960","True","True"
"ui\status_action\timer.png",".png","87427","True","True"
"ui\status_action\unavailable.png",".png","98102","True","True"
"ui\status_action\unlocked.png",".png","106950","True","True"
"ui\status_action\upgrade.png",".png","115342","True","True"
"ui\status_action\warning.png",".png","100777","True","True"
"vehicles\helicopters\helicopter_lv1.png",".png","2299772","True","True"
"vehicles\helicopters\helicopter_lv2.png",".png","1331022","True","True"
"vehicles\helicopters\helicopter_lv3.png",".png","1546313","True","True"
"vehicles\helicopters\helicopter_lv4.png",".png","1716738","True","True"
"vehicles\helicopters\helicopter_lv5.png",".png","1863386","True","True"
"vehicles\trucks\truck_lv1.png",".png","2833746","True","True"
"vehicles\trucks\truck_lv2.png",".png","269584","True","True"
"vehicles\trucks\truck_lv3.png",".png","349251","True","True"
"vehicles\trucks\truck_lv4.png",".png","411475","True","True"
"vehicles\trucks\truck_lv5.png",".png","439743","True","True"
"world\buildings\aquaculture_pond.png",".png","2753157","True","True"
"world\buildings\chicken_coop.png",".png","2592509","True","True"
"world\buildings\cow_barn.png",".png","3015906","True","True"
"world\buildings\helipad.png",".png","2931721","True","True"
"world\buildings\market.png",".png","2930811","True","True"
"world\buildings\pig_pen.png",".png","2165295","True","True"
"world\buildings\premium_market.png",".png","2930910","True","True"
"world\buildings\resort.png",".png","3099868","True","True"
"world\buildings\restaurant.png",".png","2845803","True","True"
"world\buildings\truck_depot.png",".png","2156335","True","True"
"world\buildings\vip_area.png",".png","3059272","True","True"
"world\buildings\warehouse.png",".png","2815628","True","True"
"world\environment\farm_fence_gate.png",".png","1607287","True","True"
"world\environment\road_tiles_kit.png",".png","3119804","True","True"
"world\farm_plots\empty_farm_plot.png",".png","233379","True","True"
"world\props\directional_signs_kit.png",".png","2639291","True","True"
"world\props\farm_warehouse_utility_props_atlas.png",".png","2128609","True","True"
"world\props\logistics_props_atlas.png",".png","2797365","True","True"
"world\props\natural_props_atlas.png",".png","2976410","True","True"
"world\props\outdoor_dining_set_atlas.png",".png","8525642","True","True"
"world\props\restaurant_kitchen_cooking_station_module_set.png",".png","2267262","True","True"
